time,open,high,low,close,vwap,volume,count
2020-04-10 11:30:00,6900.00,6900.00,6900.00,6900.00,0.00,0.00000000,0
2020-04-10 12:00:00,6900.00,6900.00,6900.00,6900.00,0.00,0.00000000,0
2020-04-10 12:30:00,6908.71,6918.23,6903.34,6903.34,6913.40,2.37260562,13
2020-04-10 13:00:00,6918.51,6918.51,6900.00,6900.00,6913.21,0.35000000,4
2020-04-10 14:00:00,6900.00,6900.00,6900.00,6900.00,0.00,0.00000000,0
2020-04-10 14:30:00,6882.99,6882.99,6879.46,6879.47,6880.08,0.06070606,3
2020-04-10 15:00:00,6834.38,6842.01,6800.00,6800.00,6826.50,1.44083159,10
2020-04-10 15:30:00,6786.00,6814.39,6786.00,6814.39,6786.13,0.59209382,2
2020-04-10 16:00:00,6814.39,6826.96,6802.21,6826.96,6826.52,0.68766058,6
2020-04-10 16:30:00,6838.68,6838.68,6836.36,6836.40,6836.45,0.34000000,4
2020-04-10 17:00:00,6866.10,6866.10,6866.10,6866.10,6866.10,0.67013046,1
2020-04-10 17:30:00,6866.10,6866.10,6866.10,6866.10,0.00,0.00000000,0
2020-04-10 18:00:00,6866.10,6866.10,6866.10,6866.10,0.00,0.00000000,0
2020-04-10 18:30:00,6866.10,6866.10,6866.10,6866.10,0.00,0.00000000,0
2020-04-10 20:00:00,6866.10,6866.10,6866.10,6866.10,0.00,0.00000000,0
2020-04-10 20:30:00,6866.10,6926.66,6866.10,6908.21,6917.48,0.99200000,7
2020-04-10 22:00:00,6908.21,6908.21,6908.21,6908.21,0.00,0.00000000,0
2020-04-10 22:30:00,6864.18,6864.18,6864.17,6864.17,6864.17,0.06992114,2
2020-04-11 00:00:00,6864.17,6864.17,6864.17,6864.17,0.00,0.00000000,0
2020-04-11 00:30:00,6883.62,6883.62,6878.91,6878.91,6881.14,0.03655000,4
2020-04-11 01:30:00,6878.91,6878.91,6878.91,6878.91,0.00,0.00000000,0
2020-04-11 02:00:00,6933.51,6933.51,6933.51,6933.51,6933.51,0.00346648,1
2020-04-11 03:00:00,6933.51,6933.51,6933.51,6933.51,0.00,0.00000000,0
2020-04-11 03:30:00,6918.87,6918.87,6918.87,6918.87,6918.87,0.02534289,1
2020-04-11 04:00:00,6949.70,6949.71,6949.70,6949.71,6949.70,0.15015047,2
2020-04-11 05:00:00,6949.71,6949.71,6949.71,6949.71,0.00,0.00000000,0
2020-04-11 05:30:00,6924.74,6939.80,6924.74,6939.80,6935.70,1.03056655,4
2020-04-11 06:00:00,6927.65,6927.65,6927.65,6927.65,6927.65,0.00348000,2
2020-04-11 06:30:00,6943.79,6943.79,6943.79,6943.79,6943.79,0.03000000,1
2020-04-11 07:00:00,6904.39,6904.39,6904.39,6904.39,6904.39,0.39280000,1
2020-04-11 09:00:00,6904.39,6904.39,6904.39,6904.39,0.00,0.00000000,0
2020-04-11 09:30:00,6904.39,6904.39,6904.39,6904.39,0.00,0.00000000,0
2020-04-11 10:00:00,6904.39,6904.39,6904.39,6904.39,0.00,0.00000000,0
2020-04-11 10:30:00,6904.39,6904.39,6904.39,6904.39,0.00,0.00000000,0
2020-04-11 11:00:00,6904.39,6904.39,6904.39,6904.39,0.00,0.00000000,0
2020-04-11 11:30:00,6904.39,6904.39,6904.39,6904.39,0.00,0.00000000,0
2020-04-11 12:00:00,6904.39,6904.39,6904.39,6904.39,0.00,0.00000000,0
2020-04-11 12:30:00,6875.07,6875.07,6875.07,6875.07,6875.07,0.00289000,2
2020-04-11 13:30:00,6875.07,6875.07,6875.07,6875.07,0.00,0.00000000,0
2020-04-11 14:00:00,6875.07,6875.07,6875.07,6875.07,0.00,0.00000000,0
2020-04-11 15:00:00,6875.07,6875.07,6875.07,6875.07,0.00,0.00000000,0
2020-04-11 15:30:00,6875.07,6875.07,6875.07,6875.07,0.00,0.00000000,0
2020-04-11 16:30:00,6875.07,6875.07,6875.07,6875.07,0.00,0.00000000,0
2020-04-11 17:00:00,6801.00,6801.00,6801.00,6801.00,6801.00,1.00000000,1
2020-04-11 17:30:00,6801.00,6801.00,6801.00,6801.00,0.00,0.00000000,0
2020-04-11 18:00:00,6813.40,6813.40,6813.40,6813.40,6813.40,0.14990000,2
2020-04-11 18:30:00,6797.98,6798.33,6797.90,6798.32,6798.18,1.83074659,9
2020-04-11 19:00:00,6798.32,6823.80,6798.32,6823.80,6823.79,0.08400000,2
2020-04-11 19:30:00,6823.80,6823.80,6823.80,6823.80,0.00,0.00000000,0
2020-04-11 20:00:00,6785.00,6785.00,6785.00,6785.00,6785.00,0.00221000,1
2020-04-11 20:30:00,6785.00,6785.00,6785.00,6785.00,0.00,0.00000000,0
2020-04-11 21:00:00,6785.00,6785.00,6785.00,6785.00,0.00,0.00000000,0
2020-04-11 21:30:00,6774.71,6790.72,6774.71,6790.72,6786.47,0.12351550,5
2020-04-11 22:00:00,6790.72,6790.72,6790.72,6790.72,0.00,0.00000000,0
2020-04-11 22:30:00,6891.02,6891.20,6872.30,6872.30,6886.08,0.59773453,4
2020-04-11 23:00:00,6872.30,6872.30,6872.30,6872.30,0.00,0.00000000,0
2020-04-11 23:30:00,6872.30,6872.30,6872.30,6872.30,0.00,0.00000000,0
2020-04-12 00:00:00,6872.30,6872.30,6872.30,6872.30,0.00,0.00000000,0
2020-04-12 01:00:00,6872.30,6872.30,6872.30,6872.30,0.00,0.00000000,0
2020-04-12 01:30:00,6872.30,6872.30,6860.00,6860.00,6860.00,0.00962000,1
2020-04-12 02:00:00,6860.00,6860.00,6860.00,6860.00,0.00,0.00000000,0
2020-04-12 02:30:00,6815.01,6815.01,6810.50,6810.50,6813.31,1.30000000,6
2020-04-12 04:30:00,6810.50,6810.50,6810.50,6810.50,0.00,0.00000000,0
2020-04-12 05:00:00,6810.50,6810.50,6810.50,6810.50,0.00,0.00000000,0
2020-04-12 06:30:00,6810.50,6810.50,6810.50,6810.50,0.00,0.00000000,0
2020-04-12 07:00:00,6810.50,6810.50,6810.50,6810.50,0.00,0.00000000,0
2020-04-12 07:30:00,6810.50,6810.50,6810.50,6810.50,0.00,0.00000000,0
2020-04-12 08:30:00,6810.50,6810.50,6810.50,6810.50,0.00,0.00000000,0
2020-04-12 09:00:00,6874.59,6874.59,6874.59,6874.59,6874.59,0.03000000,1
2020-04-12 09:30:00,6874.59,6874.59,6874.59,6874.59,0.00,0.00000000,0
2020-04-12 11:30:00,6874.59,6874.59,6874.59,6874.59,0.00,0.00000000,0
2020-04-12 12:00:00,6901.89,6901.89,6901.89,6901.89,6901.89,0.46233723,2
2020-04-12 12:30:00,6901.89,6901.89,6901.89,6901.89,0.00,0.00000000,0
2020-04-12 13:00:00,6901.89,6901.89,6901.89,6901.89,0.00,0.00000000,0
2020-04-12 13:30:00,6911.13,6911.13,6911.13,6911.13,6911.13,0.02000000,1
2020-04-12 14:00:00,6911.13,6911.13,6911.13,6911.13,0.00,0.00000000,0
2020-04-12 14:30:00,6911.13,7012.09,6911.13,7004.25,7004.49,0.12277150,6
2020-04-12 15:00:00,7004.25,7004.25,7004.25,7004.25,0.00,0.00000000,0
2020-04-12 15:30:00,7004.25,7004.25,7004.25,7004.25,0.00,0.00000000,0
2020-04-12 16:00:00,7103.00,7103.60,7094.10,7094.10,7102.84,0.68639414,5
2020-04-12 16:30:00,7094.10,7094.10,7094.10,7094.10,0.00,0.00000000,0
2020-04-12 17:00:00,7165.04,7173.09,7150.03,7150.03,7163.02,0.32193460,6
2020-04-12 17:30:00,7086.41,7086.41,7086.41,7086.41,7086.41,0.01140260,1
2020-04-12 18:00:00,7086.41,7086.41,7086.41,7086.41,0.00,0.00000000,0
2020-04-12 18:30:00,7086.41,7086.41,7086.41,7086.41,0.00,0.00000000,0
2020-04-12 20:00:00,7086.41,7086.41,7086.41,7086.41,0.00,0.00000000,0
2020-04-12 20:30:00,7116.81,7116.81,7116.81,7116.81,7116.81,1.00000000,1
2020-04-12 21:00:00,7106.06,7106.06,7106.06,7106.06,7106.06,0.04608913,1
2020-04-12 21:30:00,7133.09,7137.82,7133.09,7137.82,7137.39,0.67379942,2
2020-04-12 22:00:00,7136.18,7136.18,7136.18,7136.18,7136.18,0.05983779,1
2020-04-12 22:30:00,7136.18,7136.18,7136.18,7136.18,0.00,0.00000000,0
2020-04-12 23:00:00,7136.18,7136.18,7136.18,7136.18,0.00,0.00000000,0
2020-04-12 23:30:00,7000.02,7000.02,6943.21,6943.21,6960.13,0.40507331,5
2020-04-13 00:00:00,6850.61,6850.61,6666.00,6666.00,6740.28,1.74314148,24
2020-04-13 00:30:00,6718.95,6735.94,6500.01,6727.50,6587.77,3.84732598,27
2020-04-13 01:00:00,6727.50,6727.50,6727.50,6727.50,0.00,0.00000000,0
2020-04-13 01:30:00,6693.78,6694.92,6681.01,6681.01,6694.33,0.55658978,7
2020-04-13 02:00:00,6721.88,6721.88,6721.88,6721.88,6721.88,0.00700000,1
2020-04-13 02:30:00,6729.30,6729.30,6724.73,6724.73,6728.37,0.03706959,3
2020-04-13 03:00:00,6724.73,6724.73,6724.73,6724.73,0.00,0.00000000,0
2020-04-13 03:30:00,6680.63,6680.63,6671.30,6671.30,6676.22,0.14828120,3
2020-04-13 04:00:00,6679.10,6679.10,6678.13,6678.90,6678.27,0.76130392,13
2020-04-13 04:30:00,6678.90,6678.90,6678.90,6678.90,0.00,0.00000000,0
2020-04-13 06:00:00,6678.90,6678.90,6678.90,6678.90,0.00,0.00000000,0
2020-04-13 06:30:00,6740.18,6741.88,6740.18,6741.88,6741.20,0.04426826,3
2020-04-13 07:00:00,6741.88,6741.88,6723.00,6723.00,6723.00,0.05792833,1
2020-04-13 07:30:00,6696.38,6696.38,6689.70,6689.70,6691.06,0.99908389,8
2020-04-13 08:30:00,6689.70,6689.70,6689.70,6689.70,0.00,0.00000000,0
2020-04-13 09:00:00,6710.49,6710.49,6710.44,6710.44,6710.47,0.01422631,4
2020-04-13 09:30:00,6686.59,6686.59,6681.47,6681.47,6684.02,0.06241603,2
2020-04-13 10:00:00,6719.28,6719.28,6719.28,6719.28,6719.28,0.00203512,1
2020-04-13 10:30:00,6719.28,6720.00,6711.93,6720.00,6714.63,0.32657781,21
2020-04-13 11:00:00,6715.00,6715.00,6715.00,6715.00,6715.00,0.12000000,4
2020-04-13 11:30:00,6732.00,6829.13,6732.00,6820.57,6754.55,0.40347358,10
2020-04-13 12:00:00,6747.01,6747.01,6686.12,6686.12,6738.68,0.05998698,2
2020-04-13 12:30:00,6706.46,6706.60,6706.46,6706.60,6706.56,0.75000000,5
2020-04-13 13:00:00,6698.83,6698.83,6698.82,6698.82,6698.82,0.05854824,2
2020-04-13 13:30:00,6679.67,6679.67,6657.21,6657.21,6657.25,1.00209821,7
2020-04-13 14:00:00,6721.32,6750.09,6721.32,6740.68,6735.73,2.05357417,20
2020-04-13 14:30:00,6722.56,6724.39,6722.56,6724.39,6723.64,0.14212912,2
2020-04-13 15:00:00,6732.03,6762.47,6732.03,6762.47,6761.44,0.09000000,3
2020-04-13 15:30:00,6760.66,6787.91,6760.66,6787.91,6768.08,0.21867699,8
2020-04-13 16:00:00,6805.70,6805.70,6805.70,6805.70,6805.70,0.02204035,1
2020-04-13 16:30:00,6771.15,6771.15,6771.15,6771.15,6771.15,0.00738427,1
2020-04-13 17:30:00,6771.15,6771.15,6771.15,6771.15,0.00,0.00000000,0
2020-04-13 18:00:00,6782.70,6794.70,6782.70,6794.70,6783.97,0.33478944,5
2020-04-13 18:30:00,6770.00,6770.00,6770.00,6770.00,6770.00,0.14986135,4
2020-04-13 19:00:00,6787.26,6792.90,6787.26,6792.90,6791.25,1.18000000,5
2020-04-13 19:30:00,6790.31,6797.20,6790.31,6797.20,6794.38,1.00000000,5
2020-04-13 20:00:00,6797.20,6828.12,6782.87,6828.12,6820.04,1.23531214,9
2020-04-13 20:30:00,6824.90,6829.73,6822.91,6822.91,6826.56,1.78136115,7
2020-04-13 21:00:00,6822.91,6885.00,6822.91,6880.60,6884.83,11.62807382,23
2020-04-13 21:30:00,6880.60,6880.60,6825.75,6838.01,6842.92,1.23465775,12
2020-04-13 22:00:00,6887.75,6887.75,6887.75,6887.75,6887.75,0.02661140,1
2020-04-13 23:30:00,6887.75,6887.75,6887.75,6887.75,0.00,0.00000000,0
2020-04-14 00:00:00,6887.75,6887.75,6887.75,6887.75,0.00,0.00000000,0
2020-04-14 00:30:00,6887.75,6887.75,6887.75,6887.75,0.00,0.00000000,0
2020-04-14 01:00:00,6887.75,6887.75,6887.75,6887.75,0.00,0.00000000,0
2020-04-14 01:30:00,6887.75,6887.75,6887.75,6887.75,0.00,0.00000000,0
2020-04-14 02:00:00,6874.87,6880.64,6874.87,6880.64,6875.53,1.00050000,6
2020-04-14 02:30:00,6880.64,6880.64,6880.64,6880.64,0.00,0.00000000,0
2020-04-14 03:00:00,6856.77,6856.77,6856.77,6856.77,6856.77,0.01211442,3
2020-04-14 03:30:00,6856.77,6856.77,6856.77,6856.77,0.00,0.00000000,0
2020-04-14 04:00:00,6918.15,6918.15,6914.34,6914.34,6915.34,1.60000000,4
2020-04-14 05:30:00,6914.34,6914.34,6914.34,6914.34,0.00,0.00000000,0
2020-04-14 06:00:00,6914.34,6914.34,6914.34,6914.34,0.00,0.00000000,0
2020-04-14 07:30:00,6914.34,6914.34,6914.34,6914.34,0.00,0.00000000,0
2020-04-14 08:00:00,6805.00,6805.00,6783.31,6783.31,6804.44,1.02603674,5
2020-04-14 08:30:00,6781.00,6787.01,6780.99,6787.01,6782.91,0.22079546,4
2020-04-14 09:00:00,6787.01,6787.01,6787.01,6787.01,0.00,0.00000000,0
2020-04-14 09:30:00,6800.15,6876.36,6792.90,6872.65,6838.71,2.22550999,18
2020-04-14 10:30:00,6872.65,6872.65,6872.65,6872.65,0.00,0.00000000,0
2020-04-14 11:00:00,6846.66,6846.66,6846.66,6846.66,6846.66,0.00410824,1
2020-04-14 11:30:00,6846.66,6846.66,6846.66,6846.66,0.00,0.00000000,0
2020-04-14 12:00:00,6848.85,6856.40,6848.85,6856.40,6855.26,0.72945963,3
2020-04-14 12:30:00,6857.19,6857.99,6857.19,6857.99,6857.58,0.00583295,2
2020-04-14 13:30:00,6857.99,6857.99,6857.99,6857.99,0.00,0.00000000,0
2020-04-14 14:00:00,6897.82,6943.78,6897.82,6943.78,6943.60,1.00387214,3
2020-04-14 14:30:00,6907.40,6907.40,6901.06,6901.06,6904.71,0.03463449,3
2020-04-14 15:00:00,6900.53,6900.53,6900.51,6900.51,6900.51,1.00000000,6
2020-04-14 15:30:00,6932.49,6932.49,6925.00,6925.00,6925.04,12.17140679,13
2020-04-14 16:00:00,6899.88,6941.89,6882.56,6938.89,6896.07,1.86895998,12
2020-04-14 16:30:00,6963.50,6963.50,6963.50,6963.50,6963.50,0.22300444,1
2020-04-14 17:00:00,6963.50,6963.50,6963.50,6963.50,0.00,0.00000000,0
2020-04-14 17:30:00,6935.41,6935.41,6931.11,6931.11,6932.58,0.50797700,5
2020-04-14 18:00:00,6929.00,6945.26,6929.00,6945.26,6940.34,3.85000000,19
2020-04-14 18:30:00,6941.00,6941.00,6941.00,6941.00,6941.00,1.31112240,22
2020-04-14 19:00:00,6877.65,6877.65,6877.65,6877.65,6877.65,0.04921134,1
2020-04-14 19:30:00,6877.65,6877.65,6877.65,6877.65,0.00,0.00000000,0
2020-04-14 20:00:00,6877.65,6877.65,6877.65,6877.65,0.00,0.00000000,0
2020-04-14 20:30:00,6877.65,6877.65,6877.65,6877.65,6877.65,1.45380326,7
2020-04-14 21:00:00,6877.65,6877.65,6877.65,6877.65,0.00,0.00000000,0
2020-04-14 21:30:00,6877.65,6877.65,6877.65,6877.65,0.00,0.00000000,0
2020-04-15 00:30:00,6877.65,6877.65,6877.65,6877.65,0.00,0.00000000,0
2020-04-15 01:00:00,6856.29,6857.65,6856.29,6857.65,6856.99,0.20000000,4
2020-04-15 01:30:00,6856.90,6856.90,6856.90,6856.90,6856.90,0.04043357,1
2020-04-15 02:00:00,6856.90,6856.90,6856.90,6856.90,0.00,0.00000000,0
2020-04-15 02:30:00,6900.33,6900.33,6900.33,6900.33,6900.33,0.00201415,1
2020-04-15 05:30:00,6900.33,6900.33,6900.33,6900.33,0.00,0.00000000,0
2020-04-15 06:00:00,6916.25,6916.27,6916.25,6916.27,6916.25,0.13059764,3
2020-04-15 06:30:00,6916.27,6916.27,6907.23,6907.23,6907.23,0.04900060,1
2020-04-15 07:00:00,6907.23,6907.23,6907.23,6907.23,0.00,0.00000000,0
2020-04-15 08:00:00,6907.23,6907.23,6907.23,6907.23,0.00,0.00000000,0
2020-04-15 08:30:00,6868.41,6868.41,6855.89,6856.89,6859.62,0.11537048,4
2020-04-15 09:00:00,6856.89,6856.89,6856.89,6856.89,0.00,0.00000000,0
2020-04-15 09:30:00,6849.39,6860.12,6847.68,6856.25,6850.23,0.26887946,26
2020-04-15 10:00:00,6854.61,6860.21,6854.61,6860.21,6860.10,0.10200000,4
2020-04-15 10:30:00,6800.00,6800.00,6800.00,6800.00,6800.00,0.05000000,2
2020-04-15 11:00:00,6800.00,6800.00,6800.00,6800.00,0.00,0.00000000,0
2020-04-15 11:30:00,6794.14,6794.14,6772.29,6772.29,6776.22,0.27229233,4
2020-04-15 12:00:00,6772.33,6772.33,6722.83,6748.77,6756.25,0.30104169,12
2020-04-15 12:30:00,6754.49,6754.49,6700.00,6700.00,6723.75,0.93477476,8
2020-04-15 13:00:00,6713.34,6713.34,6713.34,6713.34,6713.34,0.00312419,1
2020-04-15 13:30:00,6734.27,6751.10,6734.27,6751.10,6748.13,0.03938601,5
2020-04-15 14:00:00,6747.60,6747.60,6747.60,6747.60,6747.60,0.00300000,1
2020-04-15 14:30:00,6753.00,6761.54,6729.98,6729.98,6747.30,0.16782301,9
2020-04-15 16:30:00,6729.98,6729.98,6729.98,6729.98,0.00,0.00000000,0
2020-04-15 17:00:00,6745.42,6745.45,6745.42,6745.45,6745.42,0.15000000,4
2020-04-15 17:30:00,6771.03,6771.03,6761.60,6761.60,6764.91,0.05686002,2
2020-04-15 18:00:00,6761.60,6771.18,6761.60,6764.25,6770.13,0.42397663,8
2020-04-15 18:30:00,6764.25,6764.25,6764.25,6764.25,0.00,0.00000000,0
2020-04-15 19:00:00,6751.27,6751.27,6751.27,6751.27,6751.27,0.00200000,1
2020-04-15 19:30:00,6751.27,6751.27,6742.57,6742.57,6742.57,0.22439891,1
2020-04-15 20:00:00,6742.57,6742.57,6742.57,6742.57,0.00,0.00000000,0
2020-04-15 20:30:00,6747.23,6747.23,6741.91,6741.91,6742.15,1.08000000,4
2020-04-15 21:00:00,6760.17,6765.52,6760.17,6765.52,6764.63,1.00000000,5
2020-04-15 22:30:00,6765.52,6765.52,6765.52,6765.52,0.00,0.00000000,0
2020-04-15 23:00:00,6650.00,6650.00,6624.36,6624.37,6643.59,0.24000000,6
2020-04-15 23:30:00,6630.35,6630.35,6630.35,6630.35,6630.35,0.00200000,1
2020-04-16 00:00:00,6622.89,6622.89,6500.00,6500.00,6553.75,0.47058351,10
2020-04-16 00:30:00,6557.92,6589.53,6557.92,6589.53,6559.49,0.05502789,2
2020-04-16 01:00:00,6589.53,6589.53,6589.53,6589.53,0.00,0.00000000,0
2020-04-16 01:30:00,6630.49,6645.82,6630.49,6637.16,6631.46,1.13000000,10
2020-04-16 02:00:00,6629.83,6629.83,6629.83,6629.83,6629.83,0.28290898,1
2020-04-16 02:30:00,6629.83,6629.83,6629.83,6629.83,0.00,0.00000000,0
2020-04-16 03:00:00,6629.83,6629.83,6629.83,6629.83,0.00,0.00000000,0
2020-04-16 03:30:00,6664.29,6664.29,6664.29,6664.29,6664.29,0.00200000,1
2020-04-16 04:00:00,6664.29,6664.29,6664.29,6664.29,0.00,0.00000000,0
2020-04-16 05:00:00,6664.29,6664.29,6664.29,6664.29,0.00,0.00000000,0
2020-04-16 05:30:00,6664.29,6664.29,6664.29,6664.29,0.00,0.00000000,0
2020-04-16 06:00:00,6664.29,6664.29,6664.29,6664.29,0.00,0.00000000,0
2020-04-16 06:30:00,6684.40,6684.40,6684.40,6684.40,6684.40,0.07223584,2
2020-04-16 07:00:00,6691.45,6983.63,6691.45,6973.66,6859.41,2.29029731,46
2020-04-16 07:30:00,6973.66,6973.66,6973.66,6973.66,0.00,0.00000000,0
2020-04-16 08:00:00,6911.17,6911.17,6911.17,6911.17,6911.17,0.00200000,1
2020-04-16 08:30:00,7011.35,7136.98,7011.35,7076.62,7089.60,0.94658810,27
2020-04-16 09:00:00,7064.00,7064.00,7064.00,7064.00,7064.00,0.03990947,2
2020-04-16 09:30:00,7067.81,7067.84,7045.59,7045.59,7058.45,0.12093138,3
2020-04-16 10:00:00,7072.43,7073.30,7072.43,7073.30,7073.09,0.63491146,5
2020-04-16 10:30:00,6994.62,6994.62,6950.00,6950.00,6973.07,0.55867087,8
2020-04-16 11:00:00,6991.46,7004.89,6991.46,7004.89,7003.61,0.11045430,2
2020-04-16 12:00:00,7004.89,7004.89,7004.89,7004.89,0.00,0.00000000,0
2020-04-16 12:30:00,7027.43,7044.31,7027.43,7044.30,7043.98,0.10509000,4
2020-04-16 13:00:00,7072.47,7072.47,7072.47,7072.47,7072.47,0.00702664,1
2020-04-16 13:30:00,7072.47,7072.47,7072.47,7072.47,0.00,0.00000000,0
2020-04-16 14:00:00,6984.74,7013.36,6984.60,7005.70,6992.76,0.48506014,7
2020-04-16 14:30:00,7017.10,7017.10,7017.10,7017.10,7017.10,0.02299207,1
2020-04-16 15:00:00,7036.72,7040.11,7036.72,7039.00,7039.35,0.13474215,5
2020-04-16 15:30:00,7039.00,7039.00,7039.00,7039.00,0.00,0.00000000,0
2020-04-16 16:00:00,7020.89,7020.89,7020.89,7020.89,7020.89,0.01350000,1
2020-04-16 16:30:00,6987.42,6987.42,6980.00,6980.00,6981.51,0.03921152,5
2020-04-16 17:00:00,7010.74,7010.74,7010.74,7010.74,7010.74,0.00200000,1
2020-04-16 17:30:00,7017.20,7017.20,7014.15,7014.15,7014.87,3.00000000,3
2020-04-16 18:00:00,7014.00,7014.00,7014.00,7014.00,7014.00,0.20000000,4
2020-04-16 18:30:00,7014.00,7047.16,7014.00,7047.16,7046.86,0.14251066,3
2020-04-16 19:00:00,7014.99,7014.99,7014.88,7014.88,7014.91,1.99600000,4
2020-04-16 19:30:00,7022.01,7022.01,7022.00,7022.00,7022.00,0.28434440,2
2020-04-16 20:00:00,7062.44,7062.44,7056.33,7056.33,7056.91,0.54128725,4
2020-04-16 20:30:00,7017.41,7017.41,7012.97,7012.97,7015.06,2.76767455,7
2020-04-16 21:00:00,7042.04,7042.04,7041.81,7041.81,7042.03,0.71199966,6
2020-04-16 21:30:00,7092.72,7092.72,7069.21,7069.21,7073.15,0.12345053,3
2020-04-16 22:00:00,7087.23,7137.00,7086.90,7086.90,7102.41,3.10658756,29
2020-04-16 22:30:00,7137.00,7137.00,7137.00,7137.00,7137.00,0.04440506,1
2020-04-16 23:00:00,7187.59,7187.59,7147.15,7147.15,7177.94,0.19913221,5
2020-04-16 23:30:00,7152.88,7152.88,7095.31,7100.60,7100.75,0.96079346,17
2020-04-17 00:00:00,7100.60,7100.60,7059.74,7073.04,7072.99,1.55127479,13
2020-04-17 00:30:00,7073.04,7073.04,7073.04,7073.04,0.00,0.00000000,0
2020-04-17 01:00:00,7073.04,7073.04,7073.04,7073.04,0.00,0.00000000,0
2020-04-17 01:30:00,7073.04,7073.04,7073.04,7073.04,0.00,0.00000000,0
2020-04-17 02:00:00,7108.08,7108.08,7095.43,7095.43,7107.54,0.04761000,2
2020-04-17 03:00:00,7095.43,7095.43,7095.43,7095.43,0.00,0.00000000,0
2020-04-17 03:30:00,7095.43,7095.43,7095.43,7095.43,0.00,0.00000000,0
2020-04-17 04:30:00,7095.43,7095.43,7095.43,7095.43,0.00,0.00000000,0
2020-04-17 05:00:00,7070.00,7070.00,7070.00,7070.00,7070.00,0.98010950,10
2020-04-17 06:00:00,7070.00,7070.00,7070.00,7070.00,0.00,0.00000000,0
2020-04-17 06:30:00,7070.00,7070.00,7066.06,7066.06,7066.06,0.00200000,1
2020-04-17 07:00:00,7066.06,7066.06,7066.06,7066.06,0.00,0.00000000,0
2020-04-17 07:30:00,7052.06,7057.20,7043.22,7043.22,7052.51,1.91525900,12
2020-04-17 10:00:00,7043.22,7043.22,7043.22,7043.22,0.00,0.00000000,0
2020-04-17 10:30:00,7043.22,7043.22,7043.22,7043.22,0.00,0.00000000,0
2020-04-17 11:00:00,7043.22,7043.22,7043.22,7043.22,0.00,0.00000000,0
2020-04-17 11:30:00,7089.54,7089.56,7060.35,7060.35,7077.08,8.94104360,39
2020-04-17 12:30:00,7060.35,7060.35,7060.35,7060.35,0.00,0.00000000,0
2020-04-17 13:00:00,7060.35,7060.35,7052.61,7052.61,7052.61,1.00000000,6
2020-04-17 13:30:00,7023.94,7023.94,7010.56,7010.56,7016.66,0.91090000,3
2020-04-17 14:00:00,7038.81,7038.81,7038.37,7038.37,7038.50,0.02388586,4
2020-04-17 14:30:00,7038.37,7038.37,7038.37,7038.37,0.00,0.00000000,0
2020-04-17 15:00:00,7038.37,7061.68,7038.37,7061.68,7061.68,0.00250000,1
2020-04-17 15:30:00,7061.68,7061.68,7061.68,7061.68,0.00,0.00000000,0
2020-04-17 16:00:00,7067.64,7067.64,7067.64,7067.64,7067.64,0.00200000,1
2020-04-17 17:00:00,7067.64,7067.64,7067.64,7067.64,0.00,0.00000000,0
2020-04-17 17:30:00,7067.64,7067.64,7067.64,7067.64,0.00,0.00000000,0
2020-04-17 18:00:00,7067.64,7067.64,7067.64,7067.64,0.00,0.00000000,0
2020-04-17 18:30:00,7035.00,7035.00,7035.00,7035.00,7035.00,1.00160000,6
2020-04-17 19:00:00,7068.69,7068.69,7051.33,7051.33,7054.78,0.03521526,4
2020-04-17 19:30:00,7066.49,7094.40,7052.82,7094.40,7091.22,0.51167498,6
2020-04-17 20:00:00,7078.28,7078.28,7072.53,7072.53,7075.12,0.00716938,2
2020-04-17 20:30:00,7055.39,7073.06,7054.80,7073.06,7055.07,0.30763654,6
2020-04-17 21:00:00,7073.06,7073.06,7073.06,7073.06,0.00,0.00000000,0
2020-04-17 21:30:00,7069.88,7074.38,7047.45,7047.45,7070.58,1.42207592,9
2020-04-17 22:00:00,7043.92,7053.17,7043.92,7053.16,7047.52,0.05127373,5
2020-04-17 22:30:00,7071.85,7071.85,7070.87,7070.87,7071.32,0.03331797,10
2020-04-17 23:00:00,7074.97,7138.50,7074.97,7138.50,7092.14,1.01692697,10
2020-04-17 23:30:00,7138.50,7138.50,7053.04,7053.04,7053.88,0.03571937,3
2020-04-18 00:00:00,7056.01,7056.01,7047.67,7047.67,7053.72,1.73278000,8
2020-04-18 00:30:00,7047.67,7047.67,7047.67,7047.67,0.00,0.00000000,0
2020-04-18 01:00:00,7088.99,7088.99,7088.99,7088.99,7088.99,0.00200000,1
2020-04-18 01:30:00,7088.99,7088.99,7088.99,7088.99,0.00,0.00000000,0
2020-04-18 02:00:00,7114.59,7114.59,7114.59,7114.59,7114.59,0.04194667,1
2020-04-18 03:00:00,7114.59,7114.59,7114.59,7114.59,0.00,0.00000000,0
2020-04-18 03:30:00,7107.83,7107.83,7107.83,7107.83,7107.83,0.01292074,1
2020-04-18 04:00:00,7115.97,7115.97,7115.97,7115.97,7115.97,0.04331949,2
2020-04-18 04:30:00,7115.97,7115.97,7115.97,7115.97,0.00,0.00000000,0
2020-04-18 05:00:00,7115.97,7115.97,7115.97,7115.97,0.00,0.00000000,0
2020-04-18 05:30:00,7120.88,7120.88,7120.88,7120.88,7120.88,0.00200000,1
2020-04-18 06:00:00,7120.88,7120.88,7120.88,7120.88,0.00,0.00000000,0
2020-04-18 06:30:00,7092.92,7092.92,7092.90,7092.90,7092.90,0.15000000,3
2020-04-18 08:00:00,7092.90,7092.90,7092.90,7092.90,0.00,0.00000000,0
2020-04-18 08:30:00,7092.90,7092.90,7092.90,7092.90,0.00,0.00000000,0
2020-04-18 09:30:00,7092.90,7092.90,7092.90,7092.90,0.00,0.00000000,0
2020-04-18 10:00:00,7086.39,7086.39,7086.39,7086.39,7086.39,0.00200000,1
2020-04-18 10:30:00,7086.39,7086.39,7086.39,7086.39,0.00,0.00000000,0
2020-04-18 11:00:00,7086.39,7086.39,7086.39,7086.39,7086.39,0.01568613,4
2020-04-18 11:30:00,7086.29,7100.30,7086.29,7100.30,7099.95,0.40750000,6
2020-04-18 12:00:00,7100.30,7100.30,7100.30,7100.30,0.00,0.00000000,0
2020-04-18 12:30:00,7114.39,7174.39,7114.39,7174.39,7162.89,0.37030000,7
2020-04-18 13:00:00,7156.99,7179.20,7145.00,7179.20,7167.82,0.74097240,9
2020-04-18 13:30:00,7204.78,7264.29,7204.78,7241.21,7249.62,0.61627237,10
2020-04-18 14:00:00,7252.50,7252.50,7240.00,7240.00,7244.86,0.22548123,7
2020-04-18 14:30:00,7243.99,7249.74,7240.00,7240.00,7243.97,0.22037532,7
2020-04-18 15:00:00,7249.68,7249.68,7225.15,7225.15,7233.02,0.00623232,2
2020-04-18 15:30:00,7258.65,7258.69,7258.65,7258.69,7258.65,0.10432800,3
2020-04-18 16:00:00,7258.69,7258.69,7258.69,7258.69,0.00,0.00000000,0
2020-04-18 16:30:00,7199.73,7199.73,7199.73,7199.73,7199.73,0.05405119,2
2020-04-18 17:30:00,7199.73,7199.73,7199.73,7199.73,0.00,0.00000000,0
2020-04-18 18:00:00,7190.00,7190.00,7190.00,7190.00,7190.00,0.05229521,1
2020-04-18 18:30:00,7207.26,7207.26,7207.26,7207.26,7207.26,0.09818712,2
2020-04-18 19:00:00,7207.26,7207.26,7207.26,7207.26,0.00,0.00000000,0
2020-04-18 19:30:00,7226.95,7226.95,7226.95,7226.95,7226.95,0.00200000,1
2020-04-18 20:00:00,7204.36,7204.36,7204.36,7204.36,7204.36,0.06458730,2
2020-04-18 20:30:00,7204.36,7204.36,7204.36,7204.36,0.00,0.00000000,0
2020-04-18 21:00:00,7226.31,7234.45,7226.31,7233.60,7233.72,1.51190026,8
2020-04-18 22:00:00,7233.60,7233.60,7233.60,7233.60,0.00,0.00000000,0
2020-04-18 22:30:00,7253.40,7286.89,7253.40,7286.89,7254.29,0.29508097,9
2020-04-18 23:00:00,7286.89,7286.89,7286.89,7286.89,0.00,0.00000000,0
2020-04-18 23:30:00,7273.68,7273.68,7273.68,7273.68,7273.68,0.02017216,1
2020-04-19 00:00:00,7211.23,7226.46,7211.23,7226.46,7212.61,0.02200000,2
2020-04-19 00:30:00,7226.46,7226.46,7226.46,7226.46,0.00,0.00000000,0
2020-04-19 01:00:00,7239.33,7239.40,7239.33,7239.40,7239.34,0.07399555,2
2020-04-19 02:00:00,7239.40,7239.40,7239.40,7239.40,0.00,0.00000000,0
2020-04-19 02:30:00,7239.40,7239.40,7239.40,7239.40,0.00,0.00000000,0
2020-04-19 03:00:00,7239.40,7239.40,7239.40,7239.40,7239.40,0.03453324,2
2020-04-19 03:30:00,7239.40,7239.40,7239.40,7239.40,0.00,0.00000000,0
2020-04-19 04:00:00,7243.96,7243.96,7243.96,7243.96,7243.96,0.04020934,1
2020-04-19 04:30:00,7243.96,7243.96,7243.96,7243.96,0.00,0.00000000,0
2020-04-19 05:00:00,7239.26,7239.26,7239.26,7239.26,7239.26,0.00200000,1
2020-04-19 05:30:00,7214.17,7214.17,7161.59,7162.09,7184.42,3.49962436,15
2020-04-19 06:00:00,7162.09,7162.09,7162.09,7162.09,0.00,0.00000000,0
2020-04-19 06:30:00,7162.09,7162.09,7155.63,7155.63,7155.63,2.01231000,5
2020-04-19 07:00:00,7155.63,7155.63,7155.63,7155.63,0.00,0.00000000,0
2020-04-19 07:30:00,7155.63,7158.77,7155.63,7158.77,7158.77,0.00700000,1
2020-04-19 08:00:00,7152.91,7152.91,7152.91,7152.91,7152.91,0.00700000,1
2020-04-19 08:30:00,7160.18,7160.18,7160.18,7160.18,7160.18,0.01000000,1
2020-04-19 09:00:00,7160.18,7160.18,7160.18,7160.18,0.00,0.00000000,0
2020-04-19 09:30:00,7165.21,7165.21,7165.21,7165.21,7165.21,0.00200000,1
2020-04-19 10:00:00,7174.21,7174.21,7174.21,7174.21,7174.21,0.00227420,1
2020-04-19 11:00:00,7174.21,7174.21,7174.21,7174.21,0.00,0.00000000,0
2020-04-19 11:30:00,7174.21,7174.21,7174.21,7174.21,0.00,0.00000000,0
2020-04-19 12:00:00,7174.21,7182.79,7174.21,7182.79,7182.79,0.04170000,2
2020-04-19 12:30:00,7182.79,7182.79,7182.79,7182.79,0.00,0.00000000,0
2020-04-19 13:00:00,7182.79,7182.79,7182.79,7182.79,0.00,0.00000000,0
2020-04-19 13:30:00,7182.79,7182.79,7182.79,7182.79,0.00,0.00000000,0
2020-04-19 14:00:00,7087.39,7097.79,7087.39,7094.20,7089.97,0.66677664,5
2020-04-19 14:30:00,7094.20,7102.87,7094.20,7102.87,7102.16,0.10000000,3
2020-04-19 15:00:00,7106.24,7106.24,7106.24,7106.24,7106.24,0.00306377,3
2020-04-19 15:30:00,7106.24,7106.24,7106.24,7106.24,0.00,0.00000000,0
2020-04-19 16:30:00,7106.24,7106.24,7106.24,7106.24,0.00,0.00000000,0
2020-04-19 17:00:00,7106.24,7106.24,7106.24,7106.24,0.00,0.00000000,0
2020-04-19 18:00:00,7106.24,7106.24,7106.24,7106.24,0.00,0.00000000,0
2020-04-19 18:30:00,7167.46,7167.46,7166.39,7166.39,7167.37,0.02652201,2
2020-04-19 19:00:00,7152.70,7165.40,7146.71,7146.71,7150.44,0.30979510,84
2020-04-19 19:30:00,7146.27,7146.27,7128.75,7128.75,7141.11,0.08220000,34
2020-04-19 20:00:00,7142.85,7142.85,7142.85,7142.85,7142.85,0.02000000,2
2020-04-19 20:30:00,7150.43,7150.43,7150.43,7150.43,7150.43,0.02000000,1
2020-04-19 21:00:00,7163.08,7165.70,7163.08,7164.96,7164.96,0.85000000,7
2020-04-19 21:30:00,7164.96,7164.96,7164.96,7164.96,0.00,0.00000000,0
2020-04-19 22:00:00,7164.96,7164.96,7164.96,7164.96,0.00,0.00000000,0
2020-04-19 22:30:00,7183.23,7183.23,7183.23,7183.23,7183.23,0.20639614,4
2020-04-19 23:00:00,7183.23,7183.23,7183.23,7183.23,0.00,0.00000000,0
2020-04-19 23:30:00,7183.21,7183.21,7136.57,7136.57,7140.12,0.02625310,2
2020-04-20 02:30:00,7136.57,7136.57,7136.57,7136.57,0.00,0.00000000,0
2020-04-20 03:00:00,7136.57,7136.57,7136.57,7136.57,0.00,0.00000000,0
2020-04-20 03:30:00,7136.57,7136.57,7136.57,7136.57,0.00,0.00000000,0
2020-04-20 04:00:00,7203.81,7225.52,7203.81,7225.52,7205.02,1.00586738,7
2020-04-20 06:00:00,7225.52,7225.52,7225.52,7225.52,0.00,0.00000000,0
2020-04-20 06:30:00,7170.00,7170.00,7170.00,7170.00,7170.00,0.02422392,1
2020-04-20 07:00:00,7186.26,7190.80,7186.26,7190.80,7189.27,0.69499514,6
2020-04-20 07:30:00,7190.80,7190.80,7190.80,7190.80,0.00,0.00000000,0
2020-04-20 08:00:00,7170.00,7170.00,7170.00,7170.00,7170.00,0.22577608,3
2020-04-20 08:30:00,7166.94,7166.94,7166.94,7166.94,7166.94,0.00200000,1
2020-04-20 09:00:00,7166.94,7166.94,7166.94,7166.94,0.00,0.00000000,0
2020-04-20 09:30:00,7166.94,7166.94,7166.94,7166.94,0.00,0.00000000,0
2020-04-20 10:00:00,7166.94,7166.94,7166.94,7166.94,0.00,0.00000000,0
2020-04-20 10:30:00,7097.74,7097.74,7045.80,7071.46,7060.38,1.14477913,21
2020-04-20 11:00:00,7071.46,7071.46,7060.00,7060.00,7060.00,1.78379424,15
2020-04-20 11:30:00,7010.53,7010.53,6989.70,7004.85,6999.34,0.16457958,11
2020-04-20 12:00:00,6955.41,6984.70,6926.90,6968.20,6954.39,1.05936747,13
2020-04-20 12:30:00,7008.13,7054.51,7008.13,7054.51,7031.32,0.00412498,2
2020-04-20 13:00:00,7045.00,7047.12,7045.00,7045.00,7045.00,2.95475000,32
2020-04-20 13:30:00,7035.70,7035.70,7031.60,7031.60,7033.43,0.14471677,7
2020-04-20 14:00:00,7031.60,7032.80,7031.60,7032.80,7032.80,0.06740756,1
2020-04-20 14:30:00,7038.57,7038.57,7037.10,7037.10,7038.17,0.15000000,3
2020-04-20 15:00:00,7091.65,7091.65,7091.05,7091.49,7091.14,0.07360738,4
2020-04-20 15:30:00,7091.49,7091.49,7091.49,7091.49,0.00,0.00000000,0
2020-04-20 16:00:00,7077.03,7077.03,7049.50,7049.50,7052.27,0.25750000,3
2020-04-20 16:30:00,7049.50,7049.50,7049.50,7049.50,0.00,0.00000000,0
2020-04-20 17:00:00,7049.50,7049.50,7010.00,7010.00,7023.09,0.00868990,2
2020-04-20 17:30:00,6994.46,6994.46,6871.79,6871.79,6918.66,1.07620519,7
2020-04-20 18:00:00,6896.99,6918.99,6851.10,6851.10,6892.77,1.96543971,24
2020-04-20 18:30:00,6851.10,6851.10,6851.10,6851.10,0.00,0.00000000,0
2020-04-20 19:00:00,6882.32,6882.32,6816.90,6832.61,6864.71,0.67318835,11
2020-04-20 19:30:00,6851.45,6853.16,6851.45,6853.16,6851.87,0.71900000,7
2020-04-20 20:00:00,6811.03,6855.90,6811.02,6850.10,6828.96,0.67524129,12
2020-04-20 20:30:00,6850.00,6866.62,6850.00,6863.72,6853.12,1.02182339,16
2020-04-20 21:00:00,6879.21,6881.71,6879.21,6881.71,6879.26,0.20674274,14
2020-04-20 22:00:00,6881.71,6881.71,6881.71,6881.71,0.00,0.00000000,0
2020-04-20 22:30:00,6887.47,6887.47,6887.47,6887.47,6887.47,0.00200000,1
2020-04-20 23:00:00,6887.47,6887.47,6887.47,6887.47,0.00,0.00000000,0
2020-04-20 23:30:00,6859.89,6859.89,6859.89,6859.89,6859.89,0.00221426,1
2020-04-21 00:00:00,6821.71,6888.00,6817.90,6887.00,6845.39,1.34229367,9
2020-04-21 00:30:00,6887.00,6898.24,6887.00,6898.24,6888.09,5.13969407,23
2020-04-21 01:00:00,6895.07,6895.07,6895.07,6895.07,6895.07,0.19194740,2
2020-04-21 01:30:00,6891.05,6891.05,6886.10,6886.10,6887.43,1.44500000,4
2020-04-21 02:00:00,6886.10,6886.10,6886.10,6886.10,0.00,0.00000000,0
2020-04-21 02:30:00,6864.91,6864.91,6864.91,6864.91,6864.91,0.00200000,1
2020-04-21 03:00:00,6873.30,6873.31,6871.95,6871.95,6872.84,0.10900000,3
2020-04-21 03:30:00,6876.09,6883.06,6876.09,6883.06,6879.25,3.42120483,7
2020-04-21 05:00:00,6883.06,6883.06,6883.06,6883.06,0.00,0.00000000,0
2020-04-21 05:30:00,6885.85,6886.21,6885.85,6886.21,6886.11,0.04170000,4
2020-04-21 06:00:00,6886.21,6896.15,6886.21,6896.15,6896.15,0.05088600,1
2020-04-21 06:30:00,6896.15,6896.15,6896.15,6896.15,0.00,0.00000000,0
2020-04-21 07:00:00,6891.80,6894.18,6891.80,6894.18,6891.81,0.72583458,3
2020-04-21 07:30:00,6892.24,6892.29,6892.24,6892.29,6892.26,0.25000000,4
2020-04-21 08:00:00,6892.29,6892.29,6892.29,6892.29,0.00,0.00000000,0
2020-04-21 08:30:00,6892.29,6892.29,6892.29,6892.29,0.00,0.00000000,0
2020-04-21 09:00:00,6880.68,6880.76,6844.49,6844.50,6853.01,0.84985423,5
2020-04-21 09:30:00,6823.45,6823.45,6802.02,6802.02,6805.03,0.09012520,5
2020-04-21 10:00:00,6845.89,6869.30,6841.29,6841.30,6858.07,5.81606803,12
2020-04-21 10:30:00,6841.30,6841.30,6841.30,6841.30,0.00,0.00000000,0
2020-04-21 11:00:00,6786.36,6786.36,6786.36,6786.36,6786.36,0.05794722,1
2020-04-21 11:30:00,6826.72,6826.72,6826.72,6826.72,6826.72,0.00200000,1
2020-04-21 12:00:00,6819.35,6840.57,6801.70,6840.30,6815.11,3.22151487,16
2020-04-21 12:30:00,6840.30,6840.30,6840.30,6840.30,0.00,0.00000000,0
2020-04-21 13:00:00,6826.62,6826.62,6826.62,6826.62,6826.62,0.00925500,2
2020-04-21 13:30:00,6800.00,6809.98,6800.00,6800.00,6801.13,0.48123458,20
2020-04-21 14:00:00,6846.25,6853.35,6844.23,6853.35,6848.90,0.12164235,5
2020-04-21 14:30:00,6865.22,6865.49,6824.99,6824.99,6861.65,0.54404924,17
2020-04-21 15:00:00,6824.37,6847.17,6824.05,6840.02,6835.17,0.24152833,10
2020-04-21 15:30:00,6820.46,6834.10,6812.01,6830.20,6824.00,1.83927673,13
2020-04-21 16:00:00,6848.08,6848.08,6848.08,6848.08,6848.08,0.00200000,1
2020-04-21 16:30:00,6864.38,6864.38,6864.38,6864.38,6864.38,0.05875980,1
2020-04-21 17:00:00,6857.49,6857.49,6856.00,6856.00,6856.06,0.40121477,2
2020-04-21 17:30:00,6878.40,6919.75,6833.94,6891.64,6852.78,1.78555766,19
2020-04-21 18:00:00,6891.64,6891.64,6891.64,6891.64,0.00,0.00000000,0
2020-04-21 18:30:00,6896.38,6896.39,6896.38,6896.39,6896.38,0.06006061,2
2020-04-21 19:00:00,6895.78,6895.78,6883.30,6883.30,6883.69,0.06361630,2
2020-04-21 19:30:00,6897.26,6898.85,6895.00,6895.00,6895.38,2.30996900,7
2020-04-21 20:00:00,6895.00,6895.00,6895.00,6895.00,0.00,0.00000000,0
2020-04-21 20:30:00,6888.74,6888.74,6870.00,6870.00,6871.85,1.77006400,7
2020-04-21 21:00:00,6890.79,6897.46,6890.79,6897.35,6896.18,0.27067263,12
2020-04-21 21:30:00,6904.97,6911.72,6904.97,6911.72,6907.07,0.06174190,3
2020-04-21 23:00:00,6911.72,6911.72,6911.72,6911.72,0.00,0.00000000,0
2020-04-21 23:30:00,6911.72,6911.72,6911.72,6911.72,0.00,0.00000000,0
2020-04-22 00:00:00,6911.72,6911.72,6911.72,6911.72,0.00,0.00000000,0
2020-04-22 00:30:00,6849.68,6849.70,6849.68,6849.70,6849.68,0.07200000,3
2020-04-22 01:00:00,6849.70,6849.70,6836.69,6843.51,6842.64,0.01574830,2
2020-04-22 04:00:00,6843.51,6843.51,6843.51,6843.51,0.00,0.00000000,0
2020-04-22 04:30:00,6843.51,6843.51,6843.51,6843.51,0.00,0.00000000,0
2020-04-22 05:00:00,6843.51,6843.51,6843.51,6843.51,0.00,0.00000000,0
2020-04-22 05:30:00,6881.62,6881.62,6881.62,6881.62,6881.62,0.00200000,1
2020-04-22 06:30:00,6881.62,6881.62,6881.62,6881.62,0.00,0.00000000,0
2020-04-22 07:00:00,6881.62,6922.61,6881.62,6922.60,6922.60,1.07980370,2
2020-04-22 08:30:00,6922.60,6922.60,6922.60,6922.60,0.00,0.00000000,0
2020-04-22 09:00:00,6963.18,6963.18,6963.18,6963.18,6963.18,0.00262433,1
2020-04-22 09:30:00,6970.99,6970.99,6970.99,6970.99,6970.99,0.00200000,1
2020-04-22 11:30:00,6970.99,6970.99,6970.99,6970.99,0.00,0.00000000,0
2020-04-22 12:00:00,6970.99,6970.99,6970.99,6970.99,0.00,0.00000000,0
2020-04-22 12:30:00,6970.99,6970.99,6970.99,6970.99,0.00,0.00000000,0
2020-04-22 13:00:00,6966.83,7065.24,6966.83,7063.76,6992.86,1.02347972,10
2020-04-22 13:30:00,7060.00,7100.00,7050.00,7100.00,7056.67,1.14958033,19
2020-04-22 14:00:00,7074.64,7074.64,7074.64,7074.64,7074.64,0.02812619,1
2020-04-22 14:30:00,7105.09,7125.40,7105.09,7125.40,7125.30,0.41500000,3
2020-04-22 15:00:00,7108.08,7108.08,7108.08,7108.08,7108.08,0.02382266,1
2020-04-22 15:30:00,7118.00,7118.00,7118.00,7118.00,7118.00,0.03410908,2
2020-04-22 16:00:00,7118.00,7118.00,7118.00,7118.00,7118.00,0.20199092,4
2020-04-22 16:30:00,7118.00,7118.00,7118.00,7118.00,0.00,0.00000000,0
2020-04-22 17:00:00,7141.90,7141.90,7141.90,7141.90,7141.90,0.04180154,1
2020-04-22 17:30:00,7111.38,7111.38,7111.38,7111.38,7111.38,0.03316656,1
2020-04-22 18:00:00,7111.38,7111.38,7111.38,7111.38,0.00,0.00000000,0
2020-04-22 18:30:00,7111.38,7120.68,7111.38,7120.68,7114.42,0.05503683,2
2020-04-22 19:00:00,7114.50,7114.50,7114.50,7114.50,7114.50,0.00200000,1
2020-04-22 19:30:00,7114.50,7124.76,7114.50,7124.75,7124.75,0.10032634,2
2020-04-22 20:00:00,7124.75,7124.75,7124.75,7124.75,0.00,0.00000000,0
2020-04-22 20:30:00,7124.75,7124.75,7108.65,7108.65,7108.65,0.00296555,1
2020-04-22 21:00:00,7112.00,7112.00,7112.00,7112.00,7112.00,0.03623407,3
2020-04-22 21:30:00,7112.00,7112.00,7112.00,7112.00,0.00,0.00000000,0
2020-04-22 22:00:00,7090.40,7090.40,7090.40,7090.40,7090.40,0.01722603,3
2020-04-22 22:30:00,7090.40,7090.40,7090.40,7090.40,0.00,0.00000000,0
2020-04-22 23:00:00,7090.40,7090.40,7090.40,7090.40,0.00,0.00000000,0
2020-04-22 23:30:00,7090.40,7128.93,7090.40,7128.93,7128.93,0.00200000,1
2020-04-23 00:00:00,7128.93,7128.93,7128.93,7128.93,0.00,0.00000000,0
2020-04-23 00:30:00,7128.93,7128.93,7128.93,7128.93,0.00,0.00000000,0
2020-04-23 01:00:00,7146.62,7146.62,7146.47,7146.47,7146.54,0.27226877,5
2020-04-23 01:30:00,7146.47,7146.47,7146.47,7146.47,0.00,0.00000000,0
2020-04-23 02:00:00,7146.47,7146.47,7146.47,7146.47,0.00,0.00000000,0
2020-04-23 02:30:00,7146.47,7146.47,7146.47,7146.47,0.00,0.00000000,0
2020-04-23 03:30:00,7146.47,7146.47,7146.47,7146.47,0.00,0.00000000,0
2020-04-23 04:00:00,7122.25,7122.25,7122.25,7122.25,7122.25,0.00200000,1
2020-04-23 04:30:00,7122.25,7122.25,7122.25,7122.25,0.00,0.00000000,0
2020-04-23 05:00:00,7122.25,7131.70,7122.25,7131.70,7131.70,0.04711588,1
2020-04-23 05:30:00,7124.33,7124.33,7124.33,7124.33,7124.33,0.05000000,2
2020-04-23 06:30:00,7124.33,7124.33,7124.33,7124.33,0.00,0.00000000,0
2020-04-23 07:00:00,7068.10,7068.12,7068.10,7068.12,7068.11,0.70542637,3
2020-04-23 07:30:00,7068.12,7068.12,7068.12,7068.12,0.00,0.00000000,0
2020-04-23 08:00:00,7068.12,7068.12,7068.12,7068.12,0.00,0.00000000,0
2020-04-23 08:30:00,7093.93,7093.93,7093.93,7093.93,7093.93,0.00200000,1
2020-04-23 10:30:00,7093.93,7093.93,7093.93,7093.93,0.00,0.00000000,0
2020-04-23 11:00:00,7093.93,7093.93,7093.93,7093.93,0.00,0.00000000,0
2020-04-23 12:00:00,7093.93,7093.93,7093.93,7093.93,0.00,0.00000000,0
2020-04-23 12:30:00,7188.29,7188.29,7188.29,7188.29,7188.29,0.04150144,1
2020-04-23 13:00:00,7188.29,7188.29,7182.09,7185.25,7182.52,0.01464844,2
2020-04-23 13:30:00,7208.32,7257.70,7208.31,7257.70,7231.56,1.90140903,18
2020-04-23 14:00:00,7311.78,7749.99,7001.00,7491.30,7546.66,5.74694706,83
2020-04-23 14:30:00,7564.60,7568.00,7493.50,7550.00,7554.80,18.68884585,72
2020-04-23 15:00:00,7553.92,7568.70,7536.37,7536.40,7553.81,2.43185722,23
2020-04-23 15:30:00,7536.40,7536.40,7536.40,7536.40,0.00,0.00000000,0
2020-04-23 16:00:00,7587.98,7587.98,7554.03,7554.03,7579.50,0.02665000,3
2020-04-23 16:30:00,7539.64,7554.03,7539.64,7554.03,7552.49,17.74278158,27
2020-04-23 17:30:00,7554.03,7554.03,7554.03,7554.03,0.00,0.00000000,0
2020-04-23 18:00:00,7577.43,7577.43,7535.22,7535.22,7551.89,0.00506204,2
2020-04-23 19:00:00,7535.22,7535.22,7535.22,7535.22,0.00,0.00000000,0
2020-04-23 19:30:00,7535.22,7535.22,7535.22,7535.22,0.00,0.00000000,0
2020-04-23 20:00:00,7530.41,7553.91,7530.20,7530.21,7535.73,9.39734830,18
2020-04-23 20:30:00,7559.39,7561.80,7531.20,7538.51,7551.33,1.41146782,20
2020-04-23 21:00:00,7549.90,7553.00,7549.90,7553.00,7550.38,0.46149257,4
2020-04-23 21:30:00,7553.00,7573.40,7553.00,7573.40,7573.40,0.07636000,2
2020-04-23 22:30:00,7573.40,7573.40,7573.40,7573.40,0.00,0.00000000,0
2020-04-23 23:00:00,7572.71,7572.71,7550.00,7550.00,7550.61,0.07350000,2
2020-04-23 23:30:00,7459.35,7459.35,7452.30,7452.30,7455.43,0.18085336,3
2020-04-24 00:00:00,7452.30,7512.30,7452.30,7512.30,7511.32,0.94432107,4
2020-04-24 00:30:00,7489.90,7489.90,7489.40,7489.40,7489.64,0.08304634,4
2020-04-24 01:00:00,7489.40,7489.40,7489.40,7489.40,0.00,0.00000000,0
2020-04-24 01:30:00,7497.96,7497.96,7485.79,7485.79,7492.34,0.02894821,2
2020-04-24 02:00:00,7485.79,7485.79,7485.79,7485.79,0.00,0.00000000,0
2020-04-24 03:00:00,7485.79,7485.79,7485.79,7485.79,0.00,0.00000000,0
2020-04-24 03:30:00,7532.27,7532.27,7532.27,7532.27,7532.27,0.00200000,1
2020-04-24 05:00:00,7532.27,7532.27,7532.27,7532.27,0.00,0.00000000,0
2020-04-24 05:30:00,7531.29,7531.29,7531.29,7531.29,7531.29,0.00700000,1
2020-04-24 06:00:00,7531.29,7531.29,7531.29,7531.29,0.00,0.00000000,0
2020-04-24 06:30:00,7531.29,7531.29,7531.29,7531.29,0.00,0.00000000,0
2020-04-24 07:00:00,7548.87,7548.87,7548.87,7548.87,7548.87,0.03024927,2
2020-04-24 07:30:00,7587.73,7587.90,7587.68,7587.90,7587.82,1.31057503,7
2020-04-24 08:00:00,7549.10,7549.10,7549.10,7549.10,7549.10,0.19692988,6
2020-04-24 08:30:00,7557.13,7557.13,7557.13,7557.13,7557.13,0.00200000,1
2020-04-24 09:00:00,7564.77,7598.49,7564.77,7598.49,7586.12,0.00827497,3
2020-04-24 09:30:00,7598.49,7598.49,7576.95,7576.95,7597.10,1.08094465,11
2020-04-24 10:00:00,7575.59,7575.59,7545.21,7545.21,7556.46,0.02700000,3
2020-04-24 10:30:00,7540.00,7540.00,7525.58,7536.06,7526.18,0.56249259,8
2020-04-24 11:00:00,7525.00,7598.44,7525.00,7598.44,7575.68,10.82108466,51
2020-04-24 11:30:00,7516.08,7523.12,7510.71,7523.12,7516.63,0.01800000,4
2020-04-24 12:00:00,7461.78,7515.77,7461.78,7515.43,7514.33,0.52433000,8
2020-04-24 13:00:00,7515.43,7515.43,7515.43,7515.43,0.00,0.00000000,0
2020-04-24 13:30:00,7513.83,7513.83,7499.07,7499.07,7502.64,0.00826843,2
2020-04-24 14:00:00,7479.12,7493.88,7417.91,7442.88,7436.71,1.61690378,14
2020-04-24 14:30:00,7453.15,7500.00,7453.13,7500.00,7474.06,0.85709248,13
2020-04-24 15:00:00,7500.00,7500.00,7500.00,7500.00,7500.00,0.26063394,8
2020-04-24 15:30:00,7500.00,7529.89,7500.00,7529.89,7500.36,1.65221838,10
2020-04-24 16:00:00,7529.89,7529.89,7529.89,7529.89,0.00,0.00000000,0
2020-04-24 16:30:00,7500.00,7500.00,7500.00,7500.00,7500.00,0.06855788,5
2020-04-24 17:00:00,7500.00,7500.00,7500.00,7500.00,0.00,0.00000000,0
2020-04-24 17:30:00,7500.00,7500.00,7500.00,7500.00,0.00,0.00000000,0
2020-04-24 18:00:00,7510.86,7549.95,7500.01,7532.08,7502.61,9.48898785,46
2020-04-24 18:30:00,7532.10,7532.10,7525.49,7527.16,7526.49,0.06845674,3
2020-04-24 19:00:00,7518.41,7522.00,7514.98,7522.00,7520.00,1.15751278,9
2020-04-24 20:00:00,7522.00,7522.00,7522.00,7522.00,0.00,0.00000000,0
2020-04-24 20:30:00,7550.00,7550.00,7550.00,7550.00,7550.00,0.03000000,2
2020-04-24 21:00:00,7537.83,7550.33,7537.83,7550.33,7547.80,0.08261845,3
2020-04-24 21:30:00,7543.51,7543.51,7537.34,7537.35,7538.76,0.28013536,5
2020-04-24 22:00:00,7502.12,7502.12,7484.79,7484.79,7490.57,1.98900000,11
2020-04-24 22:30:00,7484.79,7484.79,7484.79,7484.79,0.00,0.00000000,0
2020-04-24 23:00:00,7511.64,7511.64,7511.10,7511.17,7511.12,0.16100000,4
2020-04-24 23:30:00,7511.17,7511.17,7511.17,7511.17,0.00,0.00000000,0
2020-04-25 00:00:00,7488.46,7488.46,7488.45,7488.45,7488.45,0.12000000,2
2020-04-25 00:30:00,7466.01,7466.01,7466.01,7466.01,7466.01,0.01335000,2
2020-04-25 01:00:00,7466.01,7466.01,7466.01,7466.01,0.00,0.00000000,0
2020-04-25 01:30:00,7498.58,7498.58,7498.58,7498.58,7498.58,0.66559485,1
2020-04-25 02:00:00,7498.58,7498.58,7498.58,7498.58,0.00,0.00000000,0
2020-04-25 02:30:00,7498.58,7498.58,7498.58,7498.58,0.00,0.00000000,0
2020-04-25 03:00:00,7498.58,7498.58,7494.50,7494.50,7494.50,0.06699000,3
2020-04-25 03:30:00,7521.50,7521.50,7521.50,7521.50,7521.50,0.28804860,4
2020-04-25 04:00:00,7522.40,7532.77,7518.60,7522.20,7524.19,0.39536523,10
2020-04-25 04:30:00,7524.02,7524.02,7523.90,7523.90,7523.99,0.06694000,3
2020-04-25 05:00:00,7523.90,7523.90,7523.90,7523.90,0.00,0.00000000,0
2020-04-25 05:30:00,7538.53,7538.53,7538.53,7538.53,7538.53,0.00968571,1
2020-04-25 06:00:00,7538.53,7538.53,7538.53,7538.53,0.00,0.00000000,0
2020-04-25 06:30:00,7538.53,7565.49,7538.53,7555.71,7565.32,0.13046598,4
2020-04-25 08:30:00,7555.71,7555.71,7555.71,7555.71,0.00,0.00000000,0
2020-04-25 09:00:00,7556.49,7556.49,7556.49,7556.49,7556.49,0.00200000,1
2020-04-25 09:30:00,7556.49,7556.49,7556.49,7556.49,0.00,0.00000000,0
2020-04-25 10:00:00,7556.49,7556.49,7556.49,7556.49,0.00,0.00000000,0
2020-04-25 10:30:00,7548.99,7548.99,7548.99,7548.99,7548.99,0.00479715,1
